Hash,Status
umber,Status
0xf872a7139af9766ea2a31c9c1009da8f0a97889e9fa3f3a1ce54b77b6f682a58,80056501,Success
0xbb7771129a0994c8e31bf0c513bf45651b23c1e42b81bfa5797c92a2a6e8d5e2,80056555,Success
0xf39bd21f6d92b50dbb36ec82a19549b75d94920bd250c9088da73e574fe6c673,80056347,Success
0xc1aa7f883b89e16c874a3fc233c14d2a58b336896f9f7c9ad5c313d51d13659c,80056792,Success
0x7d00e773e96ef4ec13d1c37bc0be4b875e98239c604be7d459e12f0b4e6798eb,80055792,Success
0x17f3c722ca79f80f8a7575375afee2598828ce1bec021c41e6fb8cda93c6d8bd,80056358,Success
0xaac16df540956d5b10e31918b12138d2d85ec44fbbcbf7ff3d802ea7dc67d321,80055766,Success
0x65120625bd2def563296638c3ec53c31d9d7feeeb508848a962836f726adac10,80056688,Success
0xe764d3e0378694e021d2bdc15e0fcb360a8a34d989871ef9583eb0f3034ebda0,80055616,Success
0x4d1e43b77398830de0c9666d08449852df8f5b5e341d6985c58debcafd9e285c,80056701,Success
0x7ce5b776d03422b9d59689e76d35a04a463ec801e41ea93bae77b582e0f06b36,80056875,Success
0x3c33bc04561f631b743afe18321a200455d73f18db2af80ee751991ab4d189eb,80056750,Success
0x25ea0375ab1ca7dfba6b97f0b9164d0cd2853f25616fe235590469433f593a77,80056444,Success
0xe485746861977a9d998b638ff577d1c90d06923f8394115520ea994b20f093a9,80056560,Success
0xc69e5191c700ddd121b63cfa509c48a4c344bceb7e3240d6bdae5c8fbc8f22ac,80056042,Success
0x3d4797f46d4925c44f0a875a07dc64889d8cb48ff5f81b006477f6993be66728,80056536,Success
0x68fbfa102823c23d8265def5c9fe7355e5b5e6d9ab6112e3be796dd6994b6f33,80055894,Success
0xf2032884243c0cad02f57d6bf57818db57067c5b8b93f3b43141bcfddf847bfe,80055964,Success
0x7ae501b31259c300a190166bb3dfb94d6d23ea0d967e49ee9d038bcd7f583748,80055849,Success
0x9d01591aa800bf36b0f66d497d1954d15a97dc1c52d9e8f65bf4a8b0055379dc,80056154,Success
0xfcf44f19908db4b5a2d1c6848259ad7a80da1117cbc20b759a935e6926c526fa,80056420,Success
0xe81c54bb64022a20d5885b30dcbb057c3b1aa51ba923ad5c0a7bf724e0e8db83,80056322,Success
0x7b64fda2c16227a09429886064fe8914964db728709dfed4f162494368ba5a76,80055681,Success
0xaa351ce1c86350277faef39d8a914cdc766b9a34d95f56f8cfef7552ad8fe6f1,80056430,Success
0xfd7d11a6d55a2ed6861a543fb7a5282ce27cab6818c1fcea93519e84958de094,80056355,Success
0xe4244d36c2f114294bed9e1d96770ae4f768e11fa45f84bb7bc9a9d6518057a8,80056630,Success
0x6e79e5370c11075b0bcad5916a777cde49a841fab171419b750a9a88b907c17f,80056286,Success
0x6ab940cc26f05b446c45a1e0e5fbf06a2e221d0dadd078b48afb6d0ed0f3fbc0,80056069,Success
0x6ab1b7c6476cd7109297a784f8de863ac37eeac0dff60952681d556a40e95e51,80056587,Success
0xa07c9cc6e21ae9cae755155f65d975bdc63af439dea87caf3df2f059eaf1bd07,80055643,Success
0x3d09abc506d0ef2359465f9e13caa48a98bab8d5e6eddbb5dd871b4d4c0cff95,80055704,Success
0xc388589253ff79745f5d097c56a81b8953f018b4b97f151e80fa3de2e23b4264,80055817,Success
0xe0aba8f852b4e9067f0dd20869a37de1f7c7c3dbf03c92729b5e3ee7cea82768,80056295,Success
0x555824a8eb7fadae589747deacdafbe2ba2b43ba59844612287f0417c69d1961,80056430,Success
0xd7d368075673eba443a88697f94a7062f6cbe524c486c8d259784220a19481d6,80056005,Success
0xb84adb2aba08f3ed21ba32820838484aed1ea5e8c7aec466b4904367b3d4202d,80056244,Success
0x4cb561779ae8adb843491f90046c5fd80fe197974f8c9acb68b2e0b012236008,80055987,Success
0x1a2d7f0429a1b4d0de5839a23145a3d1e6995e57d1625a2205782fbb876fc330,80056915,Success
0x2609290f75154f5894fef736e70c9414823c73fe7e4cfbcce0e477af777643ec,80056265,Success
0xe472cbbc372ccaca71130feda7b34f270f97bc8213c4c813fba768c3c7e0e628,80056372,Success
0x0b5ff9e20a77f1ded0ae38aeed1651a9bc810813948273c976825ae11819aaf2,80056387,Success
0x1af525ed4a7db203090712b35d449e43045bd32f4fc4dd4fa8a5d102de729711,80056274,Success
0x52652b9951aac26fd1cf906d9a815813a056a43e3713389bf8e6bb09370ce66e,80056062,Success
0xaeb7e7a64318e2ce6d083ce2fe42f9bbee4d9aaf39282947121a34569da1d258,80056720,Success
0x2b351b77b470bf7957fd23ad8186ddc63fcde7c7b9ef129268fa2f564d1dbd67,80056892,Success
0x6cac15fba9614abcdfbe0d709b5b5c7767c4733160427250a7434549b8992d1a,80056772,Success
0x5318ba361f7d4b028ad1a1d6b4b55484f04f60d250b53afc11f6ae7a841fa6d3,80056508,Success
0x0055f0461e219f032fe3819a1b48341f3f25e16bd71e2ae9943d2afb451133ea,80056468,Success
0xb5802697c9d399a4e01f9d35e42ec38f029c5e45a0d13af2c131252c1881a8ee,80056890,Success
0x77924fca9cda3caa16cd3e823b1ddf8912baa231f07accb1d019acbbe484b3b3,80056435,Success
0x977f19e498ace9b2f93f602a272bd71cda21caffd5ee2e78695e74b29b5e2ad0,80055722,Success
0xeea6bd8eca55299ba5e8e2810657b5c528c2ea9793e883771f5bddb291590331,80056251,Success
0x6c0be7c66881be0736f3493db7ccca538746cb1c95c1a34263faad49c9585833,80056279,Success
0xacf2c46b8d4492dde2ece735e90b22de01b1fda84d3ba69a65d1c3219034599f,80056259,Success
0xc44cc4fe32b37d7a23382ee8456cd990b2148dabd3802c9021501e85d7cd9b3c,80056012,Success
0x8ba20a0de5c98d50232576ddc988183d505f07f6c09ad9edc987bd80b7b45e8c,80056641,Success
0x5abaeefd837884222851b06b2ee84c203127f0ac0c26819ea0b2c82ea7ca5f85,80056314,Success
0xc36d67d48879ef62e5240449d88e45d97bdc1e0cf5b38dcc2cd47d5795f49151,80056404,Success
0x610dbeaa4cfe0bceb87800ee542ebbef1052ca5e31925220158620185ce8e2f5,80055839,Success
0x2b92430d26f681668ea99d07c69298a0c067c4478903d7ab1122d1239314ba6f,80056413,Success
0x0bd6556ba6253ae7b28a44f7e856295e95c77a1a8da09b7dce5b9c8f9e0d61c2,80055636,Success
0xa9094f3b2c6658148002782e819e6da78ee9b0f813b9654a570c663ebe04ae6f,80056630,Success
0x5ecb55b0712371aa213df8c5c7cbe49ad232338ee0d56b50942569e3b9dae589,80055862,Success
0xf12616bc2499b85d2d1cc1834d0a321f190071a8551e14be4f50c27dfeeeb853,80056527,Success
0xfc56c1565c5b6999fef1c200fa47dc9481ce1e044709ab4e96d20feaf3b79927,80056435,Success
0x9d1cbac78f109684796b790d83d1c761ca7433d5d7bf978198afc1787fb4bdd8,80056653,Success
0x17f03af148b6a80eff90636f2c9e0058bcff4213668756bf2fdd589e3822e83e,80056100,Success
0xad83aa0994e346598cd55ca2058eb9327284c3f388421229315038e62652a7b4,80056688,Success
0xebf2ed5ebe462a32c88873dc49ada093b4339f4d3cb9c6a115906d3c68f6f680,80055849,Success
0x617d757dca981c94129777823ef0765e331f3e037ac22813c66d516cfa71208b,80056790,Success
0xe01c4a7b6ff637db6c84033ae655b68a91906409c22e5ec27b621464afc11bc8,80056340,Success
0x33b3ee3784a403cc35326734c7c3db30b134af723fe22f6e098fdc61e19f4fba,80055834,Success
0x17a284e93d18b2d54a0c6be75e914d6148860c00929d54cb3364bab9ed4325ba,80056072,Success
0xeac4bd3e2c58153e2160a201febab059332b64b0d8585f5eccb539b66adbacec,80056745,Success
0x1c2442a5ad94ae88b156931f6467eeef91fbb5b9c94ccc1e724c6afe73a29209,80056265,Success
0xd6d368014d516acdafe12c571c3dbf0cc8cf71dc28fd2d94e018abd682581b99,80055644,Success
0x509e76502939506d6456bbabc114284048262dca3e05ca8d270d60976c201740,80056917,Success
0xd72e90203c1f181e64dbc82881baeeacaf88804ed5bb18915a33f7f09876d95a,80056332,Success
0xf9fde1c0a7622f57174fc6c0438b5f6b21499653cbcd1315f8c9da26c4e8014b,80055731,Success
0x493c60c002539f7783d51c15f62f11c8403ac55ad505afcc0938bb405ac3f9ea,80056014,Success
0x5d38c2759bdc29856b51ebb5ddc25076a5fc863880563735897ea78c017dbf0a,80056510,Success
0x51db4936a68ae468c3b23611388e9cf1e635abf4f0948a5586b9a84f6eaaac8b,80054966,Success
0x9e925b535a716e43aeead32cfc30d7812ce22c389abe2baa5c1aa6e39fd5b5df,80056395,Success
0x5b3bf5ebef760b55d33e05600f4f5b4d867254635359f34b130e1650da636312,80054787,Success
0x3acc9c9c22dcd6c0aaa736cfe4847f81fef771f69e17775b7b19f6c1277eb985,80055987,Success
0xc69719afaa202764594a12d6bd5e384a6ef4f86b692bb32d34db8ffe64b5c2e2,80055939,Success
0xd4f6d319314027e73f565767b2c88a378ecbb17e4db80bfce869540087c099dd,80056643,Success
0x33d3c372d8197355216a8d488369d764da93cad0ddbb8fac1578a96606080e36,80055617,Success
0xe3a974b60184c1c3b3c5591de3126ee8de2ee26f88a3fa85d0b7d6d9e982a01f,80056701,Success
0x08c03673f46d6ad502a1c5b36ff8512aca07e386ddcea3cfbdbaa0d95375f0cd,80056167,Success
0xca6ac9e311cbcf8b175cb885439e50834dddca4859b75a53329578dc11b788e7,80056488,Success
0x9eacd00146be8d9f8c8272dc88bb62fff0b1e099267e1a0253c32fa6a54c804d,80056877,Success
0xf44d361f1bf306b2572b654b2c93f97e1d4f892d03a630896b72344b57b9373b,80056069,Success
0x2f2da88539cc935636fd7c5028586034d59a0a584342ce328c4494d36f110208,80056116,Success
0xedcf13776e74f52d2ba127cbd59c6e39f1577c172cdd6f7b77a2c3f5f2313464,80056332,Success
0xebb4dbee059dfe8077f72301dfab6f689db57e21e42805ebeff4c0e1566f051b,80056367,Success
0x67d171ceead86e1772e8de918e1a7ad6d69f76a0c3d181647646c5661d17ef5c,80056121,Success
0x3d0c423babff7a778850ab16c3f7877b360074e788674169d6b0425b458dbe38,80056486,Success
0x352bb7ee9c5c0b8baee6845391f50ddb80fa9d72b22b970d2f983cb60da57485,80056307,Success
0xe894d269ba6789d341880943f54200003518c02ef8ee61b093a6f81404bf47dc,80056349,Success
0xd7cc89df08ee02326097b21de3d7ff357b0a9b0b8b6cf9023a1c063ea619880d,80055687,Success
0x625594e66c4ddab6aa926fe693f5d75494973659740ab3d9ada8c83ebbee87ed,80056486,Success
0x55018fe3d7e624c42f2779db1e577a0645547c4bdfd1944ae2ab1be4e92e3768,80056587,Success
0x2fd78ba217d32f812d08a4736aed4be57d503460213cffaacfb8c6ec53e8ed7b,80056268,Success
0x7b1c96d04137b2ba44289f06a86749edb157fac78789faef1a36d70c861c3bdb,80056782,Success
0x28d00023c6da4b37daa0816a3c91fb0f99d7391862d56937c0a3e5cd64f48a69,80056357,Success
0xd86779679a3d180fb3d120c17f25eef37463569f9c1acd7853aeb5b2c59db3fb,80056194,Success
0x70d4425680bfbcb94f6573e3199ec33d94d3cc78e82414f78615775a0f09b055,80055839,Success
0x50291ebd85776622a443c80ab6a94ff4787474ba7a4e1cf3a2848703677f64f2,80055837,Success
0x0fddcc28b40223d6d66e91a44179cc4eb8b9bbaf82976462bd906fe52a82571d,80056118,Success
0x7aa5c8e3cedae9e3dd4eefa359d5168882df81c5943cfed201046d8f7314f6b3,80056075,Success
0xcd9f470d0d391d0b7b658b91041bee820624458d1302e10b9fdc7751750edd52,80056169,Success
0xad1092951ba70ba7128c8cf85503c339048fac1fcd962a7211f12bc3f2f254fe,80056062,Success
0x2c334c36ccb71d9f10ad2bab44fbaed62f38090eec66ef5ea48755662ac8949e,80056745,Success
0x8c6a66ebc4dabc77f94b108a2c3f2b02e7259b4d0def0268f33475a0b3f96a75,80056437,Success
0xc57c173e66de4e9ee8e9bb4016df825520822b142d2d8c0cd9daf235339d438c,80056344,Success
0x1d27aa12005c38499f417a16d387434a0c58c264217b6c407b0a2e5b2bd44ce2,80056299,Success
0xf60e8574bb6249939e8102595612525d4504416c59d95d3e82d9aac60ce467e6,80056613,Success
0xf2bb27ae58c5654c7117f77e7bc0ebb6cbc4c3c26e60d78b088e6d06f139099c,80055689,Success
0xf9ca00dafef83c2b8ede32a003c40d037e2f9cba66a618f9e433fa84740825b7,80055962,Success
0xa7e54afe16a6226745bc7a5e7c7052e2370b054441b9177780b130d8d2ff975a,80055695,Success
0x0062f183366d5e5e4aa3d377eda6bd5441c0f0c85038170ddb1102e74cc4e761,80056765,Success
0x540acd01039c38f5c43452910c4b0ac6a223738bfc97b72939ec233816aa935b,80055870,Success
0xeb0e635d6a078de00425529657bde977908f58075c4be74e3f373430be57de7d,80056349,Success
0x770051ac8eafea4be06ed6877e78956bd20017d2ae697c5c24e72a9fa485269a,80055727,Success
0x4d78baeb2296285da55ca15b18a5d37093bd4ba2ff88ac824ef2f04e38bceb4c,80055900,Success
0xac47b6b2583b6e6fe83808800dabba03e4db3386fe1362c9dd42b986a7a7cc52,80055847,Success
0xabb24f045e1fb3acebabe4ba0be8b2b8f17f17514387db5caad3aa410c73bf37,80056852,Success
0xbb5fcf46ed48157dad158ea801d3759535118cfa4e53b3e28f7d9c0b059191d4,80055609,Success
0x39b5cb71152fdc41fdad0685161c0aedac2f41dc4c9c0f8638a68fccf7679478,80056737,Success
0x30bbb082ea97b88c7d96793e64a9be98d3a7eb59fe330651533db78f04b90898,80056535,Success
0xfc784c4e1edf8dfb16589bea745a661462df5d9e30190068908cff0492ede850,80056299,Success
0xfc82bc66afd658125fc5ebdba2321ca63ae38553a55b4d412d7477e722d4519d,80056828,Success
0x5ca09335c590358c3194f2be8c871a05be58c024468d07c36a85b575233c892d,80056340,Success
0xf8010c8bf913d531e092933b679781f3be789b03753c84eab25854d53d7e8b63,80055802,Success
0x27dd9d258f6febb32b70c7a0e8147a2375beefc8c53dedfc4181f4b199c1a711,80056505,Success
0x7d33c1ccc805cdb82c0e9af7e69882a148e6dd70394b1af5b76e5697067d22de,80055927,Success
0x05f198532362f5a468aa6796119933f7e61a068425b7ac4042f88524e8579f3f,80056543,Success
0x37f0f9b590c9beb7963bac66c3c36e729417fe18737e82c63b3a7bf8111c7bdd,80056501,Success
0xeed12e96590ac0d1b2bb8b993713a95dafd0ae635526ab6e2170462bf5115f60,80056314,Success
0x47f861686a7e38431142be0db6286f26c3fecfe11c143f4e43f8705191dcbdae,80056739,Success
0x58d848dc6b63934f8ff00bd1ea8c95fff712842a9eda0b897e8b4fb40761ec65,80055804,Success
0xdb9930a570f0050fb0ff83f3579a3ad4a69e3d4255fb1b2b49d4c46f5492ebc2,80056850,Success
0x6a7ac09d1d85c5ce9a8933474da1aab1590a3d790db6cdaddf1e3a63d9c90fab,80056383,Success
0x5fbb98ec5fc2f27452e986c3c890fb82d7cdf8c3706b021e9c5db5142abdb243,80056517,Success
0xf91937c71782329acc4e03caada07b07cadee45c778571ce3f39a69e841afc27,80056439,Success
0x8d1b21ee7b3b4154613520373a7562b30073631f48de7821f9bb94bd65e9a09c,80056527,Success
0x2730b00fc0754aef74ceeaba9f0b712a9ccf50aeb22c8cb1f297e9b8f7fcddf4,80056820,Success
0xcfcb27cecd4f2b724902c2977b596396dc14458725d2a8c97fb88fd75e3af545,80056370,Success
0xd4478c08b1ed0d7fc4000e9f96909c64363a72aaa533751caf3e20422dfba722,80055697,Success
0xe95cbe1b7af63255e24abea5fbb00b48e584b3da2359106de5b8031ccec4a005,80056372,Success
0x66e6f733c35341d0d477ece5e049e9eeccdac7e2809d9adcfe8733ae63e70b12,80056829,Success
0xeb7168c4313278c7fb1a4236ad5861a1a7d568a703574a1dde24e7b9ab495e1e,80055951,Success
0x0c9e2dab0456fadc43564a5aad0a86f3793844437ff3adf231fb29fa0b3b4bae,80056790,Success
0xff7e3efb7b315c5c53006036760f5601cf35c0cc27a02db1b8cffe724f30cea9,80055885,Success
0x490c2bf604b549987062ff8d74ff716cd23b00744e126e2e4f41fb912596f034,80056298,Success
0x81bf027b72bde01ae4bd553492d5dad23439e89a648d0b58b8440e6a2df9d949,80056044,Success
0xf5b5d2107bf7cf8b033ca02fff97acde52e1ee3e21b784774afdc2bd5daa1f4a,80055650,Success
0x10de7175822662f9756e5108ebabfa1ed2119b08bf2153c82ef681357078cddb,80056394,Success
0x2de03118ecdc218e8252ea38aaa5e56bc223330d5569ac2122bfcada2260a691,80056237,Success
0x4c015365a4131eb8f06d512dfb96bd60f664be295abe1a5ecef10da018a2795d,80056375,Success
0xfb0e45311bdb8e8d4a1c75617bc01c033492d9c7e740f80795c091ca5e1da0dc,80056725,Success
0x27c4ecc8994414818dc1191373ac888b9b6f5b3d19a63e4d2a7a4b2797119813,80056071,Success
0x837b14a1e30bbd011f28860883eb375f62e1aa02002cfda06e8ba3e464d4d1a2,80055987,Success
0x5ed9b3833f2a53fabe09869b5b9bb05c6b69674f37c7def14d9d30cd1da0a853,80055987,Success
0xe2d1982e3253e06dcdbb4d1ed2611b753ce48840e18cbf4f63afd371782461a3,80055704,Success
0xf8e15f5b4c82683b773bd52bf9f28ebac874269d18c60ed050b009b01176d1d9,80056370,Success
0x5fbff552072259953283d45ff0c8d1036922779adab4409875dea7b9b59ecb10,80056285,Success
0xb9ab67327991641f91f3eda3c296131089a2f8dd697703850e91cb24afb7b98b,80056310,Success
0xdcfc15f181e2c13928de60b1332e048caf83d34d91bd6a389f6ae7bcddea7651,80056837,Success
0x75bc3270181fea1f1804ccc2b8eeebc7446d5fd62046f5b5064d3da9dcf2dbdc,80056452,Success
0x8e8be497c5481f7ca396913be409fc3f7a46ffcffb633fc0103b7354daa455b1,80055837,Success
0x17e84795d37cc90beed8554669b2c5927a7c6d248cabb8b4cc309656db3910a8,80055821,Success
0x6a37a6cb171a58f59d4375e7945eb4d688eedc2ad56fa0487a6651a519130131,80056295,Success
0xf32a60dcf84fbac0f113d3c2de86b4e944842da70b36cda727fecf5697cf2fc1,80056261,Success
0x5cd67f29ff22f01bb0cc944da0eae875676b4121f3f608461ed1406096583cad,80056509,Success
0x93bf0ee6184d809658d1a544b3df1dbbeddd4cae0978fd165af322bf2361792d,80056299,Success
0x6547eb693dc56459449b17efb09cb3b04b876dca42731e35c22928ce4a5e2d55,80056873,Success
0xa989359980d101c7f743e37b774bc46a8b4a23447bc20fbf8ded3744c8443848,80056769,Success
0xbc65a3868ad4bda1f938f6898a1e1332877aca65c537e74057d74d935ef215ae,80055959,Success
0x72ec72024f26dc5ea09f8ef0a4af594c630d8a9f959cb4e03c07aa95c1d68882,80056369,Success
0x7c44845e4144afe95ca4c758eb601a8bf84e236a4cdc1d9ba323b8475f5944cd,80056218,Success
0x33ad06c8ecf2a0c793a84a2e33653af8ebf5ad7d2a3bcef92a1f3df8eb12c04f,80056243,Success
0x75b37150f939798f4ccc543f3935c0a2aa244c5a2d974a74595009573f0ca71e,80055950,Success
0x9a4f74995dd2741fcec3d3596bce90183af6c030f55065ee5bb48a0df92d2d3f,80056314,Success
0x6923c26a956b69d6b9fa91229f59f7fa11ea2bee0ccb372b52ce9cf9e00b29e4,80055684,Success
0x7ee39cabc93e822a4b5ddac79ce4ff187d4db9b85a7a963a9be9aec2efc05edd,80056212,Success
0x92ba452d10887de8878772834e21fc1e05d372917dbaea8ad7a665b985000dc7,80056340,Success
0xfe3def369e119ee07100f2cafec0037b888f7dbd8fef0915f5d0bf1bbd23a67c,80055643,Success
0x084ac3666606b4883fcdec5cd761e672d94f645fe3acfcd1c15fa4b3cf0520a9,80056662,Success
0xe5f323c7d8a9528923e9b66388ba77032ed40ed7d5dbc916d727932e0aa08f97,80055802,Success
0xca36277c84291b352d5cb84fe060398c5bff9a73ea63687d8f19167ed0567d7e,80055782,Success
